Datetime,Water Level (m)
2025-07-19 06:00:00,0.15640797
2025-07-19 07:00:00,0.03356806
2025-07-19 08:00:00,-0.009674251
2025-07-19 09:00:00,0.13609095
2025-07-19 10:00:00,0.41773447
2025-07-19 11:00:00,0.70230186
2025-07-19 12:00:00,0.9232968
2025-07-19 13:00:00,1.0432881
2025-07-19 14:00:00,1.0124956
2025-07-19 15:00:00,0.8054812
2025-07-19 16:00:00,0.5556582
2025-07-19 17:00:00,0.3295416
2025-07-19 18:00:00,0.13529293
2025-07-19 19:00:00,-0.02234361
2025-07-19 20:00:00,-0.1366834
2025-07-19 21:00:00,-0.14863078
2025-07-19 22:00:00,0.11105355
2025-07-19 23:00:00,0.42827395
2025-07-20 00:00:00,0.7255251
2025-07-20 01:00:00,0.966314
2025-07-20 02:00:00,1.1271561
2025-07-20 03:00:00,1.1605147
2025-07-20 04:00:00,1.032595
2025-07-20 05:00:00,0.7858701
2025-07-20 06:00:00,0.5524597
2025-07-20 07:00:00,0.3592761
2025-07-20 08:00:00,0.20357358
2025-07-20 09:00:00,0.1002668
2025-07-20 10:00:00,0.10668719
2025-07-20 11:00:00,0.3639663
2025-07-20 12:00:00,0.6498238
2025-07-20 13:00:00,0.8789007
2025-07-20 14:00:00,1.0134981
2025-07-20 15:00:00,1.0162543
2025-07-20 16:00:00,0.8665537
2025-07-20 17:00:00,0.6406555
2025-07-20 18:00:00,0.4173351
2025-07-20 19:00:00,0.21892937
2025-07-20 20:00:00,0.05208197
2025-07-20 21:00:00,-0.07663842
2025-07-20 22:00:00,-0.14392307
2025-07-20 23:00:00,0.021670073
2025-07-21 00:00:00,0.37426087
2025-07-21 01:00:00,0.71737134
2025-07-21 02:00:00,0.99782586
2025-07-21 03:00:00,1.195769
2025-07-21 04:00:00,1.2715076
2025-07-21 05:00:00,1.177973
2025-07-21 06:00:00,0.92703456
2025-07-21 07:00:00,0.6741279
2025-07-21 08:00:00,0.45905864
2025-07-21 09:00:00,0.28173772
2025-07-21 10:00:00,0.15028825
2025-07-21 11:00:00,0.08886464
2025-07-21 12:00:00,0.2556365
2025-07-21 13:00:00,0.5879302
2025-07-21 14:00:00,0.86314523
2025-07-21 15:00:00,1.0328072
2025-07-21 16:00:00,1.0837431
2025-07-21 17:00:00,0.97424006
2025-07-21 18:00:00,0.74587
2025-07-21 19:00:00,0.51263815
2025-07-21 20:00:00,0.29846558
2025-07-21 21:00:00,0.11763985
2025-07-21 22:00:00,-0.027717166
2025-07-21 23:00:00,-0.12500733
2025-07-22 00:00:00,-0.04883235
2025-07-22 01:00:00,0.3477824
2025-07-22 02:00:00,0.736876
2025-07-22 03:00:00,1.0569725
2025-07-22 04:00:00,1.2937632
2025-07-22 05:00:00,1.4010198
2025-07-22 06:00:00,1.3143761
2025-07-22 07:00:00,1.0440037
2025-07-22 08:00:00,0.7671255
2025-07-22 09:00:00,0.53594637
2025-07-22 10:00:00,0.33847156
2025-07-22 11:00:00,0.17954364
2025-07-22 12:00:00,0.07609993
2025-07-22 13:00:00,0.13195406
2025-07-22 14:00:00,0.49386108
2025-07-22 15:00:00,0.8184902
2025-07-22 16:00:00,1.0593972
2025-07-22 17:00:00,1.1879739
2025-07-22 18:00:00,1.1363255
2025-07-22 19:00:00,0.8914277
2025-07-22 20:00:00,0.62225765
2025-07-22 21:00:00,0.38465235
2025-07-22 22:00:00,0.18089774
2025-07-22 23:00:00,0.019262627
2025-07-23 00:00:00,-0.09115283
2025-07-23 01:00:00,0.0014584977
2025-07-23 02:00:00,0.42263386
2025-07-23 03:00:00,0.8385161
2025-07-23 04:00:00,1.1891518
2025-07-23 05:00:00,1.4576528
2025-07-23 06:00:00,1.5796584
2025-07-23 07:00:00,1.4688956
2025-07-23 08:00:00,1.1647027
2025-07-23 09:00:00,0.861753
2025-07-23 10:00:00,0.6108846
2025-07-23 11:00:00,0.39578485
2025-07-23 12:00:00,0.21978568
2025-07-23 13:00:00,0.09982029
2025-07-23 14:00:00,0.1843134
2025-07-23 15:00:00,0.5994487
2025-07-23 16:00:00,0.95661664
2025-07-23 17:00:00,1.2140855
2025-07-23 18:00:00,1.3467371
2025-07-23 19:00:00,1.283642
2025-07-23 20:00:00,1.009999
2025-07-23 21:00:00,0.7208261
2025-07-23 22:00:00,0.47002172
2025-07-23 23:00:00,0.25462803
2025-07-24 00:00:00,0.08491831
2025-07-24 01:00:00,-0.03384114
2025-07-24 02:00:00,0.08049469
2025-07-24 03:00:00,0.5332043
2025-07-24 04:00:00,0.97940004
2025-07-24 05:00:00,1.3469594
2025-07-24 06:00:00,1.6232148
2025-07-24 07:00:00,1.7062906
2025-07-24 08:00:00,1.5286391
2025-07-24 09:00:00,1.188261
2025-07-24 10:00:00,0.87433124
2025-07-24 11:00:00,0.61725885
2025-07-24 12:00:00,0.39969796
2025-07-24 13:00:00,0.2243449
2025-07-24 14:00:00,0.11356892
2025-07-24 15:00:00,0.30911735
2025-07-24 16:00:00,0.7539723
2025-07-24 17:00:00,1.1391232
2025-07-24 18:00:00,1.405427
2025-07-24 19:00:00,1.5159943
2025-07-24 20:00:00,1.3754754
2025-07-24 21:00:00,1.0640811
2025-07-24 22:00:00,0.7649997
2025-07-24 23:00:00,0.5177395
2025-07-25 00:00:00,0.30030018
2025-07-25 01:00:00,0.12949318
2025-07-25 02:00:00,0.018331587
2025-07-25 03:00:00,0.26305065
2025-07-25 04:00:00,0.77103496
2025-07-25 05:00:00,1.2413601
2025-07-25 06:00:00,1.6180873
